time,x,dummy,arm_t,dummy,f,final_p,final_t,initial_t,middle_p,middle_t,pre_t,raman_df,raman_p,time_shift,counts
13:48:39.237,0,1,1250,1,30.41281544414791,0,38.962845000000002,38.962845000000002,1.5707963267948966,77.925690000000003,1,412.81544414791142,3.1415926535897931,5.5999999999999996,24963,164427,24991,164350,25113,164277,25007,164319,25011,164254,25134,164265,25082,164264,25068,164447,25030,164317,25091,164391,25095,164307,25131,164434,25139,164309,25109,164246,25030,164382,25054,164412,25162,164365,25194,164386,25161,164308,25086,164322,25025,164270,25011,164450,25072,164263,25186,164318,25087,164258,25060,164272,24947,164304,24999,164362,25037,164311,25126,164330
13:48:41.020,0.01,1.99,1250,1.99,30.41281544414791,0,38.962845000000002,38.962845000000002,1.5707963267948966,77.925690000000003,1,412.81544414791142,3.1415926535897931,5.5999999999999996,25027,164405,25016,164252,25050,164144,25057,164165,25034,164325,25033,164330,25005,164399,25101,164348,25055,164417,24996,164236,25068,164313,25058,164482,25088,164274,25085,164329,25161,164412,25076,164347,25096,164372,24901,164333,25054,163977,25110,164396,25238,164348,25093,164388,25041,164421,25063,164343,25008,164366,24959,164231,25104,164428,25082,164389,25044,164230,25018,164363
13:48:42.799,0.02,2.98,1250,2.98,30.41281544414791,0,38.962845000000002,38.962845000000002,1.5707963267948966,77.925690000000003,1,412.81544414791142,3.1415926535897931,5.5999999999999996,25053,164268,25053,164318,25108,164146,25161,164285,25172,164376,25039,164304,24979,164416,25075,164350,24983,164290,24952,164253,25058,164286,25093,164322,24970,164284,25015,164324,25087,164287,25005,164304,25096,164403,25130,164481,25132,164266,25096,164206,25083,164397,25043,164375,25059,164384,25099,164188,25126,164394,25038,164409,25062,164232,25005,164402,25053,164372,25191,164360
13:48:44.580,0.029999999999999999,3.9699999999999998,1250,3.9699999999999998,30.41281544414791,0,38.962845000000002,38.962845000000002,1.5707963267948966,77.925690000000003,1,412.81544414791142,3.1415926535897931,5.5999999999999996,25062,164327,24964,164322,25051,164254,24928,164333,25080,164302,25079,164357,25174,164313,24987,164229,25056,164293,25043,164261,25069,164314,25019,164296,25165,164231,25021,164320,25058,164352,25119,164467,25079,164294,25053,164345,24986,164330,25038,164297,25255,164375,25101,164311,25192,164389,25222,164445,25117,164257,25090,164422,25075,164328,25104,164316,25225,164244,24980,164453
13:48:46.360,0.040000000000000001,4.96,1250,4.96,30.41281544414791,0,38.962845000000002,38.962845000000002,1.5707963267948966,77.925690000000003,1,412.81544414791142,3.1415926535897931,5.5999999999999996,24983,164266,25007,164294,25046,164311,25089,164383,24946,164323,25149,164311,25173,164334,25157,164343,25043,164298,25073,164298,24944,164370,25027,164304,25130,164343,25085,164295,25031,164322,24992,164353,25198,164246,25052,164332,25069,164316,25085,164402,25142,164250,25175,164287,25115,164420,25005,164372,25063,164353,24992,164275,25082,164303,25060,164377,25070,164315,24854,164340
13:48:48.141,0.050000000000000003,5.9500000000000002,1250,5.9500000000000002,30.41281544414791,0,38.962845000000002,38.962845000000002,1.5707963267948966,77.925690000000003,1,412.81544414791142,3.1415926535897931,5.5999999999999996,25126,164265,25093,164292,25116,164233,25012,164378,25098,164313,25017,164382,25087,164281,25080,164276,25013,164440,25064,164390,24971,164327,25102,164385,25137,164347,25007,164438,25024,164372,24995,164460,25010,164267,25078,164332,24979,164363,25154,164309,24974,164344,25119,164305,25099,164324,25061,164466,25174,164287,25082,164311,24997,164428,25117,164332,25053,164306,24988,164344
13:48:49.922,0.059999999999999998,6.9399999999999995,1250,6.9399999999999995,30.41281544414791,0,38.962845000000002,38.962845000000002,1.5707963267948966,77.925690000000003,1,412.81544414791142,3.1415926535897931,5.5999999999999996,24959,164276,24981,164404,25111,164318,25094,164320,25003,164256,25042,164250,25190,164435,25110,164319,25019,164426,24904,164343,25041,164332,24987,164380,24977,164339,24978,164342,25198,164453,24995,164281,25069,164384,24986,164494,25107,164433,25129,164329,25107,164326,25046,164343,25040,164342,25175,164288,24921,164268,25035,164382,25006,164420,25157,164288,25063,164337,25003,164293
13:48:51.704,0.070000000000000007,7.9300000000000006,1250,7.9300000000000006,30.41281544414791,0,38.962845000000002,38.962845000000002,1.5707963267948966,77.925690000000003,1,412.81544414791142,3.1415926535897931,5.5999999999999996,25002,164389,25047,164373,24969,164276,25027,164361,24984,164384,25098,164283,25016,164315,25133,164209,25158,164378,24969,164341,25112,164326,25185,164254,25183,164295,24964,164391,25057,164295,25048,164374,25119,164348,25038,164243,25009,164389,25054,164250,25124,164308,25019,164294,25115,164414,24911,164356,25092,164571,25117,164339,24944,164269,25052,164478,25074,164404,25116,164449
13:48:53.486,0.080000000000000002,8.9199999999999999,1250,8.9199999999999999,30.41281544414791,0,38.962845000000002,38.962845000000002,1.5707963267948966,77.925690000000003,1,412.81544414791142,3.1415926535897931,5.5999999999999996,25113,164404,25098,164282,25069,164419,25082,164339,25028,164319,25028,164289,25044,164322,25017,164263,25030,164264,25070,164482,24964,164313,25071,164334,25101,164254,25031,164390,25058,164379,25022,164200,25028,164321,25054,164421,25037,164371,25080,164292,25008,164243,25033,164293,25086,164432,25094,164252,25083,164328,25034,164423,25054,164318,25150,164207,25207,164377,25033,164284
13:48:55.269,0.089999999999999997,9.9100000000000001,1250,9.9100000000000001,30.41281544414791,0,38.962845000000002,38.962845000000002,1.5707963267948966,77.925690000000003,1,412.81544414791142,3.1415926535897931,5.5999999999999996,25080,164299,24874,164377,25045,164343,24974,164364,25130,164373,25236,164375,24979,164277,24996,164178,25029,164448,25082,164383,25194,164397,25119,164324,25200,164434,25156,164350,24970,164330,25015,164376,25004,164411,24984,164467,25136,164199,25135,164431,25000,164282,24993,164309,25201,164284,24962,164428,25159,164377,25139,164457,25238,164445,25268,164366,25158,164476,25250,164165
13:48:57.052,0.10000000000000001,10.9,1250,10.9,30.41281544414791,0,38.962845000000002,38.962845000000002,1.5707963267948966,77.925690000000003,1,412.81544414791142,3.1415926535897931,5.5999999999999996,25275,164408,25150,164447,24953,164518,25109,164296,25084,164306,25099,164286,25058,164325,25089,164426,25022,164266,25101,164403,25091,164367,25173,164363,25094,164280,25051,164290,24981,164314,25133,164403,25010,164254,24980,164363,25197,164378,25016,164323,25038,164382,25040,164337,25024,164322,25085,164237,24975,164323,25019,164267,25084,164395,25064,164464,25069,164401,24985,164365
13:48:58.835,0.11,11.890000000000001,1250,11.890000000000001,30.41281544414791,0,38.962845000000002,38.962845000000002,1.5707963267948966,77.925690000000003,1,412.81544414791142,3.1415926535897931,5.5999999999999996,25124,164381,25163,164281,25047,164372,25006,164395,25038,164292,25108,164298,24887,164235,25096,164305,25000,164373,24945,164297,25023,164393,25049,164338,25114,164424,25060,164294,25053,164402,25005,164299,25117,164223,24979,164328,24971,164295,25123,164404,25072,164209,24983,164301,25046,164317,25101,164377,25024,164395,25077,164331,25007,164250,24961,164344,24955,164323,24936,164317
13:49:00.619,0.12,12.879999999999999,1250,12.879999999999999,30.41281544414791,0,38.962845000000002,38.962845000000002,1.5707963267948966,77.925690000000003,1,412.81544414791142,3.1415926535897931,5.5999999999999996,25060,164340,25090,164394,24999,164384,25103,164205,25009,164333,25038,164359,24993,164279,25062,164258,24955,164378,25070,164362,25140,164398,25130,164347,25149,164346,25134,164308,24984,164390,25183,164371,24977,164260,25033,164347,24991,164207,25085,164267,25108,164363,25098,164320,25103,164326,25090,164292,25095,164535,25090,164333,25154,164382,25016,164259,24992,164328,25062,164422
13:49:06.738,0.13,13.870000000000001,1250,13.870000000000001,30.41281544414791,0,38.962845000000002,38.962845000000002,1.5707963267948966,77.925690000000003,1,412.81544414791142,3.1415926535897931,5.5999999999999996,25103,164292,25020,164371,25070,164380,25015,164391,25012,164243,25078,164180,25076,164297,25221,164299,24966,164286,25044,164208,25135,164233,25077,164308,25041,164368,25138,164295,24984,164373,25153,164336,25040,164281,25011,164358,25050,164330,24935,164448,25046,164393,25017,164286,25078,164289,25054,164271,25028,164381,25055,164267,24983,164278,25152,164318,25146,164247,24922,164375
13:49:09.631,0.14000000000000001,14.860000000000001,1250,14.860000000000001,30.41281544414791,0,38.962845000000002,38.962845000000002,1.5707963267948966,77.925690000000003,1,412.81544414791142,3.1415926535897931,5.5999999999999996,25134,164365,25035,164317,25162,164260,25039,164420,25054,164425,25058,164325,25002,164287,25076,164474,25096,164373,25246,164214,25234,164404,25223,164401,25063,164343,25011,164451,25043,164628,25132,164487,25117,164341,25170,164402,25217,164509,25319,164237,25213,164404,25185,164397,25094,164251,25161,164319,25128,164388,25053,164365,25101,164371,25077,164384,24943,164306,25119,164363
13:49:11.415,0.14999999999999999,15.85,1250,15.85,30.41281544414791,0,38.962845000000002,38.962845000000002,1.5707963267948966,77.925690000000003,1,412.81544414791142,3.1415926535897931,5.5999999999999996,25120,164346,25062,164277,25039,164458,25242,164402,25062,164006,25096,164360,25281,164312,25199,164478,25158,164468,25207,164429,24776,163950,24983,164397,25209,164508,24745,164396,25149,164337,25271,164449,25191,164344,25132,164400,25182,164430,25062,164372,25186,164463,25100,164382,25183,164453,25201,164379,25221,164377,25207,164261,25138,164250,25135,164343,25195,164399,25164,164352
13:49:13.200,0.16,16.84,1250,16.84,30.41281544414791,0,38.962845000000002,38.962845000000002,1.5707963267948966,77.925690000000003,1,412.81544414791142,3.1415926535897931,5.5999999999999996,25179,164459,25107,164229,25163,164440,25091,164508,25105,164432,25040,164447,25152,164511,25262,164305,25104,164234,25061,164354,25270,164477,25063,164470,25215,164313,25053,164383,24970,164205,25113,164470,25261,164475,25167,164396,25050,164420,25071,164401,25056,164374,25168,164340,25164,164275,25162,164354,25147,164280,25129,164436,25074,164310,25142,164264,25144,164250,25075,164355
13:49:14.986,0.17000000000000001,17.830000000000002,1250,17.830000000000002,30.41281544414791,0,38.962845000000002,38.962845000000002,1.5707963267948966,77.925690000000003,1,412.81544414791142,3.1415926535897931,5.5999999999999996,24999,164386,25025,164400,25009,164326,25055,164379,24956,164445,25064,164358,25024,164318,25163,164374,25077,164569,25255,164368,25068,164459,25198,164525,25254,164406,25068,164372,25111,164425,25138,164364,25103,164358,25132,164523,25177,164548,25055,164151,25015,164338,24961,164493,25122,164462,25151,164360,25222,164340,25223,164342,25139,164467,25278,164490,25189,164375,25048,164398
13:49:16.771,0.17999999999999999,18.82,1250,18.82,30.41281544414791,0,38.962845000000002,38.962845000000002,1.5707963267948966,77.925690000000003,1,412.81544414791142,3.1415926535897931,5.5999999999999996,25130,164336,25038,164534,25037,164276,25197,164429,25207,164453,25139,164578,25009,164311,25090,164300,24981,164405,25108,164393,24983,164417,25062,164304,25089,164563,25068,164414,25095,164396,25174,164349,25147,164235,24972,164234,25152,164329,25034,164284,25217,164419,25004,164223,25052,164415,24982,164366,25031,164310,24992,164409,25000,164416,25021,164273,25107,164428,25092,164338
13:49:18.557,0.19,19.809999999999999,1250,19.809999999999999,30.41281544414791,0,38.962845000000002,38.962845000000002,1.5707963267948966,77.925690000000003,1,412.81544414791142,3.1415926535897931,5.5999999999999996,25186,164279,25117,164284,25197,164305,25048,164283,25035,164244,24929,164224,25078,164297,25019,164312,25081,164413,25105,164251,25076,164260,25116,164386,24873,164228,25069,164267,24960,164384,25037,164312,25166,164227,25042,164271,25033,164286,24972,164329,25148,164369,24991,164228,25118,164327,25062,164364,25156,164404,25039,164374,25203,164366,25065,164405,25025,164347,24966,164390
13:49:20.343,0.20000000000000001,20.800000000000001,1250,20.800000000000001,30.41281544414791,0,38.962845000000002,38.962845000000002,1.5707963267948966,77.925690000000003,1,412.81544414791142,3.1415926535897931,5.5999999999999996,25107,164348,25088,164373,25112,164256,24996,164252,25014,164404,25070,164294,25068,164405,25163,164352,24980,164393,25193,164193,25031,164261,25138,164384,25031,164252,25117,164430,25146,164341,25076,164314,24946,164251,25041,164308,24981,164289,25190,164080,25016,164386,25072,164271,25010,164334,25033,164288,25158,164342,25076,164369,25093,164385,25031,164289,25031,164311,25001,164377
13:49:22.129,0.20999999999999999,21.789999999999999,1250,21.789999999999999,30.41281544414791,0,38.962845000000002,38.962845000000002,1.5707963267948966,77.925690000000003,1,412.81544414791142,3.1415926535897931,5.5999999999999996,25056,164308,25077,164420,25045,164344,24996,164407,25101,164424,25120,164310,25041,164270,25117,164335,25021,164380,25174,164242,25107,164445,25071,164351,25192,164273,25053,164340,25218,164484,25201,164513,25070,164474,25223,164427,25083,164443,25224,164344,25027,164410,25150,164471,25193,164411,25189,164416,25128,164387,25034,164381,25114,164425,25110,164334,25007,164365,24939,164299
13:49:23.917,0.22,22.780000000000001,1250,22.780000000000001,30.41281544414791,0,38.962845000000002,38.962845000000002,1.5707963267948966,77.925690000000003,1,412.81544414791142,3.1415926535897931,5.5999999999999996,25051,164325,25034,164407,25120,164430,25031,164312,25065,164304,25040,164419,25131,164228,25020,164320,25077,164236,25090,164323,24986,164377,24971,164301,25141,164309,24945,164345,25046,164461,24992,164397,25116,164327,25095,164506,25092,164341,25022,164379,25026,164318,25098,164291,24989,164269,25157,164412,25096,164315,25107,164444,24991,164145,25165,164320,25157,164248,25108,164363
13:49:25.703,0.23000000000000001,23.77,1250,23.77,30.41281544414791,0,38.962845000000002,38.962845000000002,1.5707963267948966,77.925690000000003,1,412.81544414791142,3.1415926535897931,5.5999999999999996,25082,164359,25103,164258,25075,164372,24970,164228,25004,164438,25111,164369,24984,164332,25074,164418,25080,164392,25042,164342,25256,164247,25053,164289,25048,164441,25013,164277,24982,164423,24990,164386,25080,164311,24984,164416,25142,164322,25127,164387,25074,164289,25188,164387,25120,164438,25210,164269,25248,164442,25103,164423,25107,164373,25032,164414,25114,164453,25131,164302
13:49:27.491,0.23999999999999999,24.759999999999998,1250,24.759999999999998,30.41281544414791,0,38.962845000000002,38.962845000000002,1.5707963267948966,77.925690000000003,1,412.81544414791142,3.1415926535897931,5.5999999999999996,24999,164341,25088,164332,25040,164312,25025,164399,25069,164406,24990,164386,24924,164219,25083,164326,25166,164360,25057,164349,25049,164362,24990,164339,25023,164287,25062,164362,25159,164351,25073,164425,25002,164260,25121,164307,25125,164356,25009,164295,25003,164307,25129,164220,25130,164340,24998,164374,24962,164349,25062,164327,25079,164386,25209,164344,25150,164352,24996,164279
13:49:29.279,0.25,25.75,1250,25.75,30.41281544414791,0,38.962845000000002,38.962845000000002,1.5707963267948966,77.925690000000003,1,412.81544414791142,3.1415926535897931,5.5999999999999996,25085,164300,25194,164399,25088,164284,24939,164403,25117,164471,24987,164416,25018,164388,25002,164299,25005,164277,25032,164339,25084,164227,25055,164316,25071,164394,25070,164374,25074,164283,25166,164481,25018,164380,25014,164299,25154,164366,25023,164463,24988,164429,25046,164244,24986,164464,25110,164287,24996,164408,25094,164337,25129,164443,24973,164297,25097,164385,24961,164473
13:49:31.067,0.26000000000000001,26.740000000000002,1250,26.740000000000002,30.41281544414791,0,38.962845000000002,38.962845000000002,1.5707963267948966,77.925690000000003,1,412.81544414791142,3.1415926535897931,5.5999999999999996,25093,164384,24985,164260,25033,164303,24953,164305,25012,164278,25097,164163,25053,164467,25016,164315,25011,164309,25117,164393,24996,164439,25044,164428,24982,164267,25119,164248,25048,164423,25179,164359,25019,164379,25005,164269,24986,164232,25130,164366,25121,164313,25035,164311,25095,164393,25073,164379,25109,164291,25107,164323,25099,164374,25214,164533,25186,164326,25059,164355
13:49:32.856,0.27000000000000002,27.73,1250,27.73,30.41281544414791,0,38.962845000000002,38.962845000000002,1.5707963267948966,77.925690000000003,1,412.81544414791142,3.1415926535897931,5.5999999999999996,25095,164288,24899,164390,25176,164297,25142,164274,25112,164345,24998,164405,25021,164479,25171,164367,24985,164307,25066,164401,24937,164396,24985,164411,25132,164260,25012,164387,25142,164322,24974,164391,25063,164358,25104,164375,25065,164312,25112,164267,25107,164172,25220,164335,25041,164291,25033,164240,24960,164317,25105,164398,25080,164209,24996,164380,25057,164302,24975,164342
13:49:34.645,0.28000000000000003,28.720000000000002,1250,28.720000000000002,30.41281544414791,0,38.962845000000002,38.962845000000002,1.5707963267948966,77.925690000000003,1,412.81544414791142,3.1415926535897931,5.5999999999999996,25229,164258,25067,164233,25126,164296,25123,164429,25043,164276,24977,164268,25073,164392,25090,164449,25116,164379,25050,164320,25080,164407,25198,164417,25073,164292,25084,164375,25046,164346,25052,164286,25057,164299,25083,164338,25013,164322,25222,164277,25167,164393,24951,164260,25058,164379,25039,164223,24977,164344,25142,164317,24994,164289,25012,164259,25023,164284,24955,164327
13:49:40.772,0.28999999999999998,29.709999999999997,1250,29.709999999999997,30.41281544414791,0,38.962845000000002,38.962845000000002,1.5707963267948966,77.925690000000003,1,412.81544414791142,3.1415926535897931,5.5999999999999996,25071,164349,25136,164293,25076,164309,25036,164324,25078,164404,25128,164310,24926,164200,25119,164230,25017,164310,24990,164337,24975,164531,24974,164400,25109,164315,25044,164308,25081,164282,25057,164282,25017,164266,25199,164410,25023,164354,25041,164459,25033,164375,25049,164362,25004,164375,25181,164299,25151,164307,24964,164356,25111,164300,24901,164393,25047,164347,25113,164250
13:49:43.676,0.29999999999999999,30.699999999999999,1250,30.699999999999999,30.41281544414791,0,38.962845000000002,38.962845000000002,1.5707963267948966,77.925690000000003,1,412.81544414791142,3.1415926535897931,5.5999999999999996,25070,164347,25047,164361,25011,164240,25080,164261,25027,164371,25004,164350,25069,164273,25109,164383,25020,164458,25076,164365,25126,164322,24949,164378,24970,164288,24972,164276,25040,164309,25127,164306,25188,164353,25159,164308,25057,164477,25075,164225,25080,164438,25239,164369,25255,164298,25197,164563,25203,164520,25174,164479,25218,164530,25152,164366,25184,164372,25294,164460
13:49:45.465,0.31,31.690000000000001,1250,31.690000000000001,30.41281544414791,0,38.962845000000002,38.962845000000002,1.5707963267948966,77.925690000000003,1,412.81544414791142,3.1415926535897931,5.5999999999999996,25262,164399,25190,164391,25275,164472,25318,164377,25160,164432,25183,164453,25181,164483,25231,164423,25096,164439,25274,164295,25202,164423,25111,164424,25154,164406,25219,164434,25152,164319,25022,164339,24880,164417,25112,164290,24991,164228,25013,164312,25069,164293,25093,164319,25059,164406,25139,164333,25063,164419,25008,164423,25085,164350,25106,164263,25065,164316,25062,164318
13:49:47.254,0.32000000000000001,32.68,1250,32.68,30.41281544414791,0,38.962845000000002,38.962845000000002,1.5707963267948966,77.925690000000003,1,412.81544414791142,3.1415926535897931,5.5999999999999996,25060,164407,25059,164345,25113,164268,24933,164326,24991,164354,24965,164308,25052,164351,25043,164314,24977,164282,25021,164365,25150,164405,25133,164011,25245,164512,25169,164402,25148,164320,25018,164357,25119,164245,25089,164356,25126,164262,25160,164259,25056,164258,25099,164417,24993,164350,24952,164359,24981,164314,25197,164493,25206,164289,25052,164292,25189,164438,25019,164445
13:49:49.045,0.33000000000000002,33.670000000000002,1250,33.670000000000002,30.41281544414791,0,38.962845000000002,38.962845000000002,1.5707963267948966,77.925690000000003,1,412.81544414791142,3.1415926535897931,5.5999999999999996,25025,164239,24976,164265,25188,164403,24879,164342,25086,164465,25036,164352,25134,164359,25075,164359,25160,164370,25200,164349,25069,164474,25207,164513,25104,164392,25228,164395,25068,164293,25061,164368,25077,164418,25079,164335,25355,164401,24963,164393,25102,164295,25048,164464,25133,164350,25226,164532,25047,164348,25038,164390,25015,164367,25120,164242,25050,164174,25023,164488
13:49:50.835,0.34000000000000002,34.660000000000004,1250,34.660000000000004,30.41281544414791,0,38.962845000000002,38.962845000000002,1.5707963267948966,77.925690000000003,1,412.81544414791142,3.1415926535897931,5.5999999999999996,25148,164338,25120,164342,25090,164291,25126,164356,25180,164236,24958,164352,25065,164369,25195,164296,25105,164420,25157,164457,25088,164243,25077,164342,25207,164380,25017,164211,25129,164444,25062,164293,25086,164306,25118,164298,25184,164502,25244,164354,25171,164267,25090,164387,25163,164368,25107,164434,25095,164341,25219,164345,25173,164400,25068,164327,25129,164321,25017,164426
13:49:52.625,0.34999999999999998,35.649999999999999,1250,35.649999999999999,30.41281544414791,0,38.962845000000002,38.962845000000002,1.5707963267948966,77.925690000000003,1,412.81544414791142,3.1415926535897931,5.5999999999999996,25110,164256,25107,164280,25080,164436,24997,164433,25090,164302,25174,164390,25035,164289,25057,164318,25185,164339,25081,164266,25009,164370,25116,164528,25065,164459,25080,164409,25052,164287,25088,164359,25068,164218,25118,164326,25111,164233,25070,164303,25019,164427,25175,164332,25054,164406,24986,164506,25097,164361,25089,164392,25170,164253,25066,164476,25118,164214,25090,164393
13:49:54.417,0.35999999999999999,36.640000000000001,1250,36.640000000000001,30.41281544414791,0,38.962845000000002,38.962845000000002,1.5707963267948966,77.925690000000003,1,412.81544414791142,3.1415926535897931,5.5999999999999996,25053,164268,25001,164370,25132,164374,24951,164275,25062,164314,25116,164289,25007,164441,25004,164347,25073,164314,25052,164344,25126,164255,25136,164480,25065,163986,25220,164577,25154,164439,25105,164367,25140,164408,25133,164345,25044,164345,25022,164293,24968,164523,25095,164436,25083,164286,25085,164298,25213,164273,25058,164201,25049,164173,25083,164342,25043,164305,25116,164232
13:49:56.208,0.37,37.630000000000003,1250,37.630000000000003,30.41281544414791,0,38.962845000000002,38.962845000000002,1.5707963267948966,77.925690000000003,1,412.81544414791142,3.1415926535897931,5.5999999999999996,25109,164256,25196,164295,25109,164410,25046,164360,25156,164280,25070,164294,24974,164297,25013,164264,25066,164434,25157,164253,25054,164237,24989,164285,25018,164346,25171,164259,25039,164370,25169,164277,25114,164274,24937,164344,25131,164273,25122,164285,25115,164323,25037,164438,24994,164379,25031,164394,25152,164320,24970,164324,25106,164319,25042,164296,25039,164193,24981,164403
13:49:57.999,0.38,38.619999999999997,1250,38.619999999999997,30.41281544414791,0,38.962845000000002,38.962845000000002,1.5707963267948966,77.925690000000003,1,412.81544414791142,3.1415926535897931,5.5999999999999996,25126,164209,24955,164299,24950,164306,25188,164338,25114,164410,24970,164415,25144,164365,24942,164367,25085,164322,25085,164384,25095,164318,25084,164365,24816,164451,25122,164507,25125,164334,25221,164320,25018,164267,25031,164303,25129,164259,25118,164383,25134,164294,25151,164289,25088,164309,25067,164298,25051,164225,25014,164209,24989,164443,24978,164302,25143,164342,25081,164251
13:49:59.793,0.39000000000000001,39.609999999999999,1250,39.609999999999999,30.41281544414791,0,38.962845000000002,38.962845000000002,1.5707963267948966,77.925690000000003,1,412.81544414791142,3.1415926535897931,5.5999999999999996,24948,164225,25076,164297,25119,164275,25061,164266,25070,164394,25146,164433,25117,164329,25233,164372,25169,164316,25095,164312,25074,164280,25025,164434,25181,164455,24937,164304,25053,164401,25070,164358,25033,164279,25104,164368,25065,164235,25016,164255,25187,164270,25065,164501,25182,164317,25076,164393,25045,164350,25039,164366,24943,164319,24995,164426,25063,164399,25086,164376
13:50:01.584,0.40000000000000002,40.600000000000001,1250,40.600000000000001,30.41281544414791,0,38.962845000000002,38.962845000000002,1.5707963267948966,77.925690000000003,1,412.81544414791142,3.1415926535897931,5.5999999999999996,25059,164349,24991,164299,25057,164271,24969,164305,25097,164376,25066,164295,25077,164294,25020,164283,25074,164284,25086,164257,25069,164350,24878,164544,25084,164514,25061,164357,25078,164327,25057,164297,25029,164347,24989,164351,25283,164438,25061,164293,25006,164198,25124,164275,25071,164314,25117,164454,25054,164508,25132,164369,25004,164426,24980,164370,24990,164443,25123,164179
13:50:03.377,0.40999999999999998,41.589999999999996,1250,41.589999999999996,30.41281544414791,0,38.962845000000002,38.962845000000002,1.5707963267948966,77.925690000000003,1,412.81544414791142,3.1415926535897931,5.5999999999999996,24991,164292,25102,164426,25142,164458,25155,164344,25055,164390,24996,164317,25106,164382,25082,164329,24968,164359,25128,164299,25067,164402,25033,164380,25084,164241,24939,164379,25054,164316,25012,164262,25064,164273,24998,164251,25042,164306,25049,164297,25073,164299,25020,164357,25051,164311,25042,164365,25040,164277,24969,164320,25081,164433,25095,164362,25030,164310,25228,164277
13:50:05.170,0.41999999999999998,42.579999999999998,1250,42.579999999999998,30.41281544414791,0,38.962845000000002,38.962845000000002,1.5707963267948966,77.925690000000003,1,412.81544414791142,3.1415926535897931,5.5999999999999996,24964,164489,25068,164379,25052,164271,25108,164453,25067,164379,25047,164350,25044,164357,25080,164310,25275,164370,25079,164344,24948,164382,25171,164357,25103,164345,25035,164449,25104,164303,25085,164392,25088,164365,25154,164389,25042,164371,24971,164426,25037,164304,25003,164376,25096,164319,25111,164398,25027,164209,25058,164307,24999,164320,24978,164274,25090,164342,25114,164366
13:50:06.963,0.42999999999999999,43.57,1250,43.57,30.41281544414791,0,38.962845000000002,38.962845000000002,1.5707963267948966,77.925690000000003,1,412.81544414791142,3.1415926535897931,5.5999999999999996,25021,164252,25040,164355,25140,164272,25062,164362,24999,164402,24977,164368,25042,164270,25029,164440,25074,164255,25092,164412,25063,164349,25005,164268,25156,164389,25050,164463,25185,164334,24947,164329,25119,164364,24992,164350,25061,164306,25127,164210,25057,164313,25145,164415,25075,164318,25218,164381,25114,164317,25094,164207,25110,164361,24937,164331,25079,164346,24950,164392
13:50:13.070,0.44,44.560000000000002,1250,44.560000000000002,30.41281544414791,0,38.962845000000002,38.962845000000002,1.5707963267948966,77.925690000000003,1,412.81544414791142,3.1415926535897931,5.5999999999999996,25095,164312,25026,164358,25079,164364,25029,164204,25042,164263,25044,164332,25046,164322,25037,164415,25177,164347,25126,164284,25103,164309,25176,164237,25052,164310,25135,164386,24959,164326,24955,164318,25018,164286,25093,164264,25022,164394,24995,164239,25137,164382,25124,164345,25108,164258,24976,164371,25121,164313,24962,164238,25077,164291,24945,164311,25066,164214,-1,-1
13:50:15.973,0.45000000000000001,45.550000000000004,1250,45.550000000000004,30.41281544414791,0,38.962845000000002,38.962845000000002,1.5707963267948966,77.925690000000003,1,412.81544414791142,3.1415926535897931,5.5999999999999996,25079,164368,25193,164450,25110,164250,25011,164289,25170,164327,25199,164278,25153,164281,25193,164302,25052,164285,25028,164278,25014,164365,24941,164396,24991,164258,25106,164421,25084,164269,25077,164161,25062,164367,25026,164316,24953,164337,25068,164303,25045,164397,25080,164272,25040,164330,25066,164383,25120,164333,24874,164439,25018,164322,25084,164312,25037,164284,24977,164368
13:50:17.766,0.46000000000000002,46.539999999999999,1250,46.539999999999999,30.41281544414791,0,38.962845000000002,38.962845000000002,1.5707963267948966,77.925690000000003,1,412.81544414791142,3.1415926535897931,5.5999999999999996,25050,164304,24948,164273,25101,164280,25044,164335,25076,164342,25072,164339,25110,164392,25057,164358,25063,164326,24961,164388,25037,164266,25085,164317,25081,164302,25063,164349,25108,164420,25001,164155,24984,164254,25008,164366,25044,164309,25113,164343,25182,164337,25152,164282,25088,164454,24990,164447,25010,164429,25084,164166,25054,164362,25144,164418,25135,164369,25009,164259
13:50:19.559,0.46999999999999997,47.529999999999994,1250,47.529999999999994,30.41281544414791,0,38.962845000000002,38.962845000000002,1.5707963267948966,77.925690000000003,1,412.81544414791142,3.1415926535897931,5.5999999999999996,25109,164258,25050,164316,25163,164283,25024,164384,25146,164447,25036,164396,25147,164421,25062,164255,25085,164334,25066,164376,25171,164346,25049,164251,25143,164341,25136,164275,25138,164379,25125,164294,25009,164284,24985,164323,25028,164403,24800,164417,25167,164457,25085,164350,25164,164431,25116,164323,24980,164274,25070,164324,24970,164236,24998,164328,25130,164318,25201,164403
13:50:21.353,0.47999999999999998,48.519999999999996,1250,48.519999999999996,30.41281544414791,0,38.962845000000002,38.962845000000002,1.5707963267948966,77.925690000000003,1,412.81544414791142,3.1415926535897931,5.5999999999999996,25050,164340,25132,164328,25043,164358,25128,164372,24990,164447,24918,164371,25062,164303,25083,164360,24983,164375,25075,164379,25083,164314,24959,164297,25121,164277,25093,164273,25070,164203,25111,164441,25111,164298,25153,163955,25177,164352,25222,164432,25237,164346,25184,164307,25016,164295,25078,164183,25081,164308,25152,164301,25039,164326,24984,164567,25154,164347,25032,164414
13:50:23.147,0.48999999999999999,49.509999999999998,1250,49.509999999999998,30.41281544414791,0,38.962845000000002,38.962845000000002,1.5707963267948966,77.925690000000003,1,412.81544414791142,3.1415926535897931,5.5999999999999996,25031,164305,25079,164451,25003,164301,25020,164302,25097,164209,25066,164261,24971,164255,25038,164263,25021,164251,25027,164404,25016,164478,25014,164405,25062,164215,25203,164286,25016,164283,25162,164260,24985,164325,25077,164315,25122,164269,25109,164324,25042,164316,25107,164384,25048,164264,25273,164252,25070,164293,25161,164313,25088,164284,25045,164255,25018,164284,25050,164328
13:50:24.942,0.5,50.5,1250,50.5,30.41281544414791,0,38.962845000000002,38.962845000000002,1.5707963267948966,77.925690000000003,1,412.81544414791142,3.1415926535897931,5.5999999999999996,25075,164343,25132,164414,25073,164353,25161,164468,25037,164422,25018,164358,25031,164524,25066,164294,25250,164366,25152,164332,24950,164306,25215,164305,24976,164375,25227,164261,25199,164395,25173,164490,25265,164382,25175,164348,25111,164352,24939,164538,25279,164490,25130,164455,25206,164344,25128,164400,25120,164548,25020,164335,25122,164292,25210,164336,25073,164226,25058,164333
13:50:26.737,0.51000000000000001,51.490000000000002,1250,51.490000000000002,30.41281544414791,0,38.962845000000002,38.962845000000002,1.5707963267948966,77.925690000000003,1,412.81544414791142,3.1415926535897931,5.5999999999999996,25136,164253,25035,164284,24992,164342,25180,164279,25111,164369,25174,164422,24983,164447,24988,164379,25073,164311,25041,164369,25078,164340,25023,164657,25269,164395,25116,164338,25176,164467,25063,164435,25028,164416,25110,164491,25261,164389,25109,164369,25077,164285,25148,164331,25001,164403,25122,164283,25167,164251,24992,164282,25062,164313,25220,164276,25103,164348,25077,164298
13:50:28.532,0.52000000000000002,52.480000000000004,1250,52.480000000000004,30.41281544414791,0,38.962845000000002,38.962845000000002,1.5707963267948966,77.925690000000003,1,412.81544414791142,3.1415926535897931,5.5999999999999996,25047,164370,25067,164318,25032,164369,25102,164317,25095,164318,25186,164232,25145,164253,24959,164260,25068,164382,25115,164319,25240,164353,24986,164334,25148,164412,25163,164345,25098,164367,25218,164379,25105,164289,25044,164435,24995,164313,25101,164227,25280,164291,25019,164344,25101,164348,25038,164446,25281,164347,25008,164394,25163,164250,25138,164289,25046,164365,25043,164337
13:50:30.328,0.53000000000000003,53.470000000000006,1250,53.470000000000006,30.41281544414791,0,38.962845000000002,38.962845000000002,1.5707963267948966,77.925690000000003,1,412.81544414791142,3.1415926535897931,5.5999999999999996,25154,164220,24972,164377,25153,164382,25022,164329,25043,164338,25176,164350,25048,164306,25159,164341,25042,164262,25149,164352,25140,164246,25096,164318,25066,164288,25101,164296,25119,164444,25161,164305,25153,164374,25072,164363,24970,164291,25081,164381,25101,164341,25070,164310,25005,164266,25016,164328,25007,164384,25126,164408,25020,164312,25181,164372,25074,164354,25043,164362
13:50:32.125,0.54000000000000004,54.460000000000001,1250,54.460000000000001,30.41281544414791,0,38.962845000000002,38.962845000000002,1.5707963267948966,77.925690000000003,1,412.81544414791142,3.1415926535897931,5.5999999999999996,25002,164378,25092,164367,25038,164482,25060,164294,25026,164380,25168,164351,24979,164470,24931,164270,25066,164402,25039,164330,24954,164467,25084,164300,25063,164378,25187,164345,25253,164350,25155,164329,25046,164178,25098,164299,24970,164397,25068,164260,25042,164357,25136,164228,25059,164346,25120,164366,25030,164329,24978,164226,25048,164249,25072,164381,25059,164322,25090,164356
13:50:33.922,0.55000000000000004,55.450000000000003,1250,55.450000000000003,30.41281544414791,0,38.962845000000002,38.962845000000002,1.5707963267948966,77.925690000000003,1,412.81544414791142,3.1415926535897931,5.5999999999999996,25175,164340,25049,164247,24997,164294,25148,164262,25084,164325,25173,164285,25084,164325,25028,164401,24973,164407,24969,164464,25189,164373,25040,164325,25057,164238,25078,164330,24939,164331,25124,164257,25056,164291,24993,164337,25014,164426,25048,164360,25052,164273,24964,164316,25013,164384,24881,164349,25092,164277,25142,164329,25088,164414,25233,164350,25120,164430,24988,164383
13:50:35.718,0.56000000000000005,56.440000000000005,1250,56.440000000000005,30.41281544414791,0,38.962845000000002,38.962845000000002,1.5707963267948966,77.925690000000003,1,412.81544414791142,3.1415926535897931,5.5999999999999996,25162,164438,25009,164506,25128,164199,25029,164409,25092,164412,25133,164357,25130,164417,25093,164349,25147,164338,25070,164348,25116,164394,25102,164344,25020,164350,25056,164316,25127,164317,25035,164352,25265,164346,24960,164343,25052,164284,25144,164258,25091,164370,25226,164377,24873,164325,25194,164286,25121,164323,24992,164400,25079,164405,25100,164392,25073,164274,25130,164326
13:50:37.514,0.56999999999999995,57.429999999999993,1250,57.429999999999993,30.41281544414791,0,38.962845000000002,38.962845000000002,1.5707963267948966,77.925690000000003,1,412.81544414791142,3.1415926535897931,5.5999999999999996,25095,164353,25132,164416,25180,164380,24951,164384,25034,164384,24992,164368,25132,164319,25110,164381,25061,164371,25020,164300,25020,164353,25119,164385,25104,164369,25098,164335,25133,164296,25047,164429,25130,164283,25074,164393,25078,164460,25093,164413,25190,164296,25073,164280,25294,164259,25027,164234,25143,164440,25100,164310,25069,164303,25038,164356,25179,164448,25164,164269
13:50:39.311,0.57999999999999996,58.419999999999995,1250,58.419999999999995,30.41281544414791,0,38.962845000000002,38.962845000000002,1.5707963267948966,77.925690000000003,1,412.81544414791142,3.1415926535897931,5.5999999999999996,25051,164583,25072,164335,25208,164358,25093,164356,25135,164379,25043,164375,25105,164422,25084,164486,25017,164262,25037,164271,25091,164164,25083,164352,25045,164411,25048,164272,25111,164370,25087,164285,25040,164296,25010,164340,25093,164377,25007,164269,24946,164368,24948,164482,25040,164327,25069,164406,25055,164255,25020,164316,25067,164308,24986,164327,25124,164314,25054,164387
13:50:41.108,0.58999999999999997,59.409999999999997,1250,59.409999999999997,30.41281544414791,0,38.962845000000002,38.962845000000002,1.5707963267948966,77.925690000000003,1,412.81544414791142,3.1415926535897931,5.5999999999999996,25026,164373,25176,164477,25010,164253,25094,164299,25081,164446,25089,164348,25060,164271,24933,164358,25095,164183,24925,164370,25041,164434,25029,164306,25005,164280,25093,164388,25102,164362,25037,164383,25096,164344,25141,164334,25144,164308,25083,164264,25043,164320,25047,164234,25171,164325,25103,164308,25082,164297,24981,164468,25133,164370,25164,164282,25140,164263,25033,164404
13:50:47.241,0.59999999999999998,60.399999999999999,1250,60.399999999999999,30.41281544414791,0,38.962845000000002,38.962845000000002,1.5707963267948966,77.925690000000003,1,412.81544414791142,3.1415926535897931,5.5999999999999996,25176,164413,25068,164324,25070,164229,24962,164324,24901,164347,24985,164457,25122,164360,25102,164358,25126,164356,25043,164370,25028,164236,25082,164364,25090,164294,25095,164330,24982,164342,25041,164325,25032,164313,25088,164318,25091,164345,25063,164340,25044,164337,25018,164366,24988,164389,25072,164282,25187,164399,25044,164487,25013,164346,24999,164432,25066,164371,24932,164319
13:50:50.140,0.60999999999999999,61.390000000000001,1250,61.390000000000001,30.41281544414791,0,38.962845000000002,38.962845000000002,1.5707963267948966,77.925690000000003,1,412.81544414791142,3.1415926535897931,5.5999999999999996,25142,164391,25108,164387,24999,164329,25117,164298,25099,164399,25066,164310,25052,164318,24945,164362,24993,164476,25131,164463,25153,164357,24943,164373,24978,164232,25174,164405,25023,164295,25139,164305,25215,164353,25055,164220,25023,164348,24968,164248,25094,164256,25027,164404,25068,164339,25081,164344,25103,164281,25161,164352,25084,164383,25042,164328,25070,164287,25054,164340
13:50:51.938,0.62,62.380000000000003,1250,62.380000000000003,30.41281544414791,0,38.962845000000002,38.962845000000002,1.5707963267948966,77.925690000000003,1,412.81544414791142,3.1415926535897931,5.5999999999999996,25162,164474,25101,164451,24957,164290,25010,164244,25155,164275,25042,164313,25012,164275,25033,164379,25041,164304,25009,164348,24978,164361,24919,164327,25079,164359,25133,164211,24994,164381,25089,164395,25064,164414,25089,164341,25127,164235,25046,164187,25141,164248,25144,164273,25075,164366,24956,164328,25096,164384,25175,164316,25035,164208,24968,164360,25025,164402,25079,164490
13:50:53.737,0.63,63.369999999999997,1250,63.369999999999997,30.41281544414791,0,38.962845000000002,38.962845000000002,1.5707963267948966,77.925690000000003,1,412.81544414791142,3.1415926535897931,5.5999999999999996,25029,164303,25193,164272,25167,164323,25025,164261,25170,164271,25132,164284,24950,164241,25073,164311,25128,164242,25104,164238,25067,164357,25079,164310,25069,164347,24985,164286,24979,164336,25107,164341,25235,164441,25085,164322,24992,164303,25062,164357,24942,164385,25077,164343,25024,164346,25112,164486,25048,164276,24942,164263,25025,164449,25114,164471,25093,164358,24931,164358
13:50:55.536,0.64000000000000001,64.359999999999999,1250,64.359999999999999,30.41281544414791,0,38.962845000000002,38.962845000000002,1.5707963267948966,77.925690000000003,1,412.81544414791142,3.1415926535897931,5.5999999999999996,25044,164339,24988,164497,25200,164409,25237,164551,25203,164351,25233,164400,25175,164448,25027,164450,25164,164516,25042,164355,25081,164343,25108,164349,25067,164342,24981,164270,25091,164389,25139,164357,25022,164364,25094,164283,25179,164490,25135,164274,25076,164315,25090,164300,25049,164237,25043,164286,25040,164416,24892,164305,25297,163986,24908,164393,25239,164397,25270,164601
13:50:57.335,0.65000000000000002,65.350000000000009,1250,65.350000000000009,30.41281544414791,0,38.962845000000002,38.962845000000002,1.5707963267948966,77.925690000000003,1,412.81544414791142,3.1415926535897931,5.5999999999999996,25272,164487,25115,164451,25214,164475,25183,164565,25186,164482,25051,164192,25165,164396,25286,164358,25200,164385,25103,164431,25155,164370,25094,164347,25095,164389,25102,164393,24995,164427,24999,164297,25166,164487,25003,164309,25148,164396,25091,164256,25107,164321,25052,164245,25081,164366,25161,164358,25038,164378,25282,164311,25089,164461,25049,164370,25137,164348,25073,164342
13:50:59.134,0.66000000000000003,66.340000000000003,1250,66.340000000000003,30.41281544414791,0,38.962845000000002,38.962845000000002,1.5707963267948966,77.925690000000003,1,412.81544414791142,3.1415926535897931,5.5999999999999996,25077,164375,25063,164521,25116,164433,25047,164330,25166,164365,25170,164419,25102,164336,25155,164485,25105,164512,25154,164257,25232,164364,25026,164375,25069,164312,25090,164448,25005,164382,25105,164472,24871,164321,25010,164444,24945,164312,25070,164422,25066,164279,25130,164288,25166,164322,25041,164353,25159,164453,25044,164427,25059,164223,25141,164236,24969,164440,25052,164388
13:51:00.933,0.67000000000000004,67.329999999999998,1250,67.329999999999998,30.41281544414791,0,38.962845000000002,38.962845000000002,1.5707963267948966,77.925690000000003,1,412.81544414791142,3.1415926535897931,5.5999999999999996,25143,164217,24924,164350,24993,164385,25055,164318,25227,164163,25205,164354,25121,164268,25012,164286,24974,164256,25017,164302,25141,164357,25093,164327,25160,164344,25009,164365,25049,164307,25098,164356,25182,164421,25222,164390,25154,164375,25075,164316,25128,164303,25156,164370,25054,164290,25077,164307,25099,164291,25193,164422,25070,164383,25055,164292,25114,164299,25031,164312
13:51:02.733,0.68000000000000005,68.320000000000007,1250,68.320000000000007,30.41281544414791,0,38.962845000000002,38.962845000000002,1.5707963267948966,77.925690000000003,1,412.81544414791142,3.1415926535897931,5.5999999999999996,24985,164373,25083,164373,25057,164360,25094,164312,25036,164350,25069,164354,25014,164325,25026,164330,25105,164323,25069,164437,25054,164333,25208,164407,25116,164482,25041,164401,25104,164338,25141,164284,25070,164297,25112,164444,25085,164333,25198,164405,25069,164308,25188,164290,24975,164388,25076,164339,24920,164245,24991,164287,25049,164358,25069,164235,24945,164305,25055,164406
13:51:04.534,0.68999999999999995,69.309999999999988,1250,69.309999999999988,30.41281544414791,0,38.962845000000002,38.962845000000002,1.5707963267948966,77.925690000000003,1,412.81544414791142,3.1415926535897931,5.5999999999999996,25069,164311,24942,164231,25112,164312,25002,164474,25061,164420,25032,164326,25188,164482,25192,164551,25080,164347,25022,164472,25142,164339,25103,164335,25039,164289,25090,164377,25147,164579,25101,164379,25192,164432,25200,164436,24977,164479,25088,164334,25162,164454,25101,164184,25104,164416,25069,164466,25087,164387,25213,164340,25007,164388,25146,164283,25114,164257,25008,164194
13:51:06.334,0.69999999999999996,70.299999999999997,1250,70.299999999999997,30.41281544414791,0,38.962845000000002,38.962845000000002,1.5707963267948966,77.925690000000003,1,412.81544414791142,3.1415926535897931,5.5999999999999996,25102,164304,25110,164319,25063,164370,25096,164329,25016,164382,25093,164362,25013,164249,25126,164387,25228,164317,25142,164368,24989,164362,25044,164407,25137,164343,25036,164332,25040,164316,25055,164426,25019,164326,25148,164267,25071,164264,25142,164477,25004,164182,25104,164345,25041,164467,25077,164431,25024,164276,25136,164343,25201,164474,24957,164379,25108,164298,25078,164362
13:51:08.135,0.70999999999999996,71.289999999999992,1250,71.289999999999992,30.41281544414791,0,38.962845000000002,38.962845000000002,1.5707963267948966,77.925690000000003,1,412.81544414791142,3.1415926535897931,5.5999999999999996,25041,164308,24959,164497,25123,164491,25212,164353,25152,164362,24996,164379,25016,164371,25218,164291,25260,164326,25023,164401,25028,164263,25021,164323,25025,164360,25093,164370,25042,164370,24970,164392,25027,164296,25023,164241,25093,164385,25016,164397,25031,164338,25093,164385,25124,164289,24992,164472,25129,164295,25014,164244,25094,164253,25091,164371,25234,164524,25174,164407
13:51:09.936,0.71999999999999997,72.280000000000001,1250,72.280000000000001,30.41281544414791,0,38.962845000000002,38.962845000000002,1.5707963267948966,77.925690000000003,1,412.81544414791142,3.1415926535897931,5.5999999999999996,25159,164511,25124,164486,25113,164393,25001,164471,25181,164501,25105,164458,24991,164450,25141,164445,24984,164305,25064,164270,25022,164380,25044,164234,25110,164405,25137,164319,24967,164427,25070,164191,25196,164441,24970,164513,25064,164407,25134,164363,25280,164346,25137,164256,25114,164365,25119,164265,25227,164499,25198,164264,25216,164409,25033,164230,25077,164337,25157,164356
13:51:11.737,0.72999999999999998,73.269999999999996,1250,73.269999999999996,30.41281544414791,0,38.962845000000002,38.962845000000002,1.5707963267948966,77.925690000000003,1,412.81544414791142,3.1415926535897931,5.5999999999999996,25151,164267,25152,164482,25184,164485,25089,164318,25178,164441,25168,164338,24986,164486,25188,164230,25130,164446,24920,164508,25122,164384,25058,164317,25018,164170,25100,164343,25048,164437,25133,164371,24962,164379,25135,164340,24919,164354,24998,164253,25110,164390,25172,164574,25171,164327,25178,164293,25236,164422,25042,164398,25153,164229,25084,164348,25096,164295,25160,164276
13:51:13.539,0.73999999999999999,74.260000000000005,1250,74.260000000000005,30.41281544414791,0,38.962845000000002,38.962845000000002,1.5707963267948966,77.925690000000003,1,412.81544414791142,3.1415926535897931,5.5999999999999996,25116,164420,25028,164422,24947,164298,25083,164365,25122,164394,25191,164374,25063,164367,25254,164500,25112,164444,25118,164463,25158,164484,25213,164490,24980,164341,25154,164474,25090,164371,25258,164523,25139,164479,25019,164513,25119,164307,25100,164294,25006,164327,25151,164296,25073,164423,25073,164365,25041,164315,25090,164344,25134,164267,25105,164328,24995,164282,25207,164369
13:51:15.341,0.75,75.25,1250,75.25,30.41281544414791,0,38.962845000000002,38.962845000000002,1.5707963267948966,77.925690000000003,1,412.81544414791142,3.1415926535897931,5.5999999999999996,25021,164373,25002,164254,25109,164268,25116,164304,25056,164274,25062,164243,25013,164318,25157,164306,24976,164264,25005,164445,25058,164359,25084,164380,25117,164397,25099,164255,25000,164359,24980,164227,25093,164267,25085,164332,25104,164405,25115,164306,24995,164319,25146,164305,25188,164347,25169,164309,25150,164362,25107,164346,25075,164443,25145,164190,25071,164291,25204,164217
13:51:21.482,0.76000000000000001,76.239999999999995,1250,76.239999999999995,30.41281544414791,0,38.962845000000002,38.962845000000002,1.5707963267948966,77.925690000000003,1,412.81544414791142,3.1415926535897931,5.5999999999999996,24995,164418,24953,164250,25144,164362,24939,164324,24920,164335,25094,164162,25083,164392,25037,164340,25089,164379,25149,164285,25148,164420,24917,164314,25045,164290,25100,164311,25079,164352,25035,164420,25120,164357,24927,164311,25064,164288,25088,164196,25152,164432,25129,164407,25183,164360,25086,164308,25208,164367,25137,164263,25108,164522,25061,164258,24985,164332,25187,164535
13:51:24.407,0.77000000000000002,77.230000000000004,1250,77.230000000000004,30.41281544414791,0,38.962845000000002,38.962845000000002,1.5707963267948966,77.925690000000003,1,412.81544414791142,3.1415926535897931,5.5999999999999996,25095,164286,25105,164248,25097,164365,25031,164310,24990,164365,25066,164401,25005,164269,25116,164410,24957,164400,25038,164330,24998,164271,25085,164245,25077,164318,25054,164309,25051,164419,25049,164222,25123,164246,25110,164416,25229,164298,24990,164390,25128,164395,25129,164387,25122,164371,24960,164275,25031,164302,25107,164386,25175,164302,25032,164288,24981,164359,25132,164206
13:51:26.209,0.78000000000000003,78.219999999999999,1250,78.219999999999999,30.41281544414791,0,38.962845000000002,38.962845000000002,1.5707963267948966,77.925690000000003,1,412.81544414791142,3.1415926535897931,5.5999999999999996,25105,164401,24962,164303,25013,164316,25023,164406,25087,164346,24996,164273,24989,164375,25079,164334,25001,164370,24982,164352,25018,164251,25009,164324,24962,164275,25109,164321,25049,164308,25032,164369,25055,164303,25054,164260,25079,164333,25086,164423,25130,164280,25104,164402,25055,164363,25026,164320,25038,164417,25072,164256,25061,164394,25039,164431,25109,164336,25118,164384
13:51:28.012,0.79000000000000004,79.210000000000008,1250,79.210000000000008,30.41281544414791,0,38.962845000000002,38.962845000000002,1.5707963267948966,77.925690000000003,1,412.81544414791142,3.1415926535897931,5.5999999999999996,25086,164339,25187,164330,25097,164288,25035,164295,25004,164210,25067,164320,25041,164353,25117,164438,25130,164332,25210,164403,24979,164253,25116,164263,24999,164238,25070,164374,24998,164247,25173,164474,25055,164292,25053,164242,24970,164316,25174,164339,25136,164341,25027,164321,25012,164296,25127,164337,25042,164443,25105,164418,25067,164415,25050,164377,25086,164333,25070,164237
13:51:29.814,0.80000000000000004,80.200000000000003,1250,80.200000000000003,30.41281544414791,0,38.962845000000002,38.962845000000002,1.5707963267948966,77.925690000000003,1,412.81544414791142,3.1415926535897931,5.5999999999999996,25078,164336,25109,164333,25188,164343,25064,164263,25099,164357,25140,164419,25113,164283,25030,164362,25040,164499,25108,164388,25167,164355,25160,164368,25077,164324,25054,164283,25133,164198,25116,164340,25024,164383,25063,164322,25108,164206,24957,164283,25069,164439,25170,164275,25186,164488,25131,164403,25156,164329,25193,164437,25169,164363,25148,164450,24724,164440,25065,164390
13:51:31.617,0.81000000000000005,81.190000000000012,1250,81.190000000000012,30.41281544414791,0,38.962845000000002,38.962845000000002,1.5707963267948966,77.925690000000003,1,412.81544414791142,3.1415926535897931,5.5999999999999996,25107,164232,25116,164244,25044,164283,24976,164438,25070,164296,25062,164410,25110,164366,25071,164353,25024,164419,25050,164279,25027,164328,25211,164267,25177,164337,25055,164343,25128,164304,25042,164267,25062,164373,25116,164194,25079,164387,25063,164404,25120,164311,25110,164426,25281,164334,24971,164340,25169,164257,25077,164284,25090,164315,25042,164305,25056,164349,25144,164521
13:51:33.421,0.81999999999999995,82.179999999999993,1250,82.179999999999993,30.41281544414791,0,38.962845000000002,38.962845000000002,1.5707963267948966,77.925690000000003,1,412.81544414791142,3.1415926535897931,5.5999999999999996,25026,164388,25056,164394,25038,164349,25151,164206,24978,164271,25053,164507,25233,164251,25132,164399,25105,164241,25084,164256,25117,164310,25146,164398,25095,164353,25108,164456,25098,164350,24970,164393,25057,164388,25056,164266,25044,164373,25057,164339,25113,164364,25123,164404,25045,164272,25127,164295,25084,164502,25022,164336,25117,164500,25077,164387,25124,164326,25140,164249
13:51:35.226,0.82999999999999996,83.170000000000002,1250,83.170000000000002,30.41281544414791,0,38.962845000000002,38.962845000000002,1.5707963267948966,77.925690000000003,1,412.81544414791142,3.1415926535897931,5.5999999999999996,25122,164388,24922,164313,25119,164353,25037,164283,25108,164333,25065,164355,25194,164304,25095,164402,25012,164358,25294,164351,25095,164204,25110,164332,24980,164284,24999,164230,25017,164383,25064,164321,25037,164347,25041,164352,25109,164319,25136,164314,25268,164235,25079,164267,25037,164363,24970,164268,25084,164263,25163,164408,25217,164172,25027,164318,25045,164348,25177,164372
13:51:37.030,0.83999999999999997,84.159999999999997,1250,84.159999999999997,30.41281544414791,0,38.962845000000002,38.962845000000002,1.5707963267948966,77.925690000000003,1,412.81544414791142,3.1415926535897931,5.5999999999999996,25225,164304,25043,164423,25055,164331,25127,164312,25056,164343,24978,164389,25041,164369,24998,164353,25063,164354,25005,164293,25192,164317,24932,164277,25188,164354,25130,164451,25004,164309,25082,164303,25080,164355,25118,164229,25131,164342,25149,164299,25061,164408,24942,164427,25017,164406,25107,164278,25086,164417,25063,164393,25060,164321,24998,164478,25040,164404,25114,164254
13:51:38.834,0.84999999999999998,85.149999999999991,1250,85.149999999999991,30.41281544414791,0,38.962845000000002,38.962845000000002,1.5707963267948966,77.925690000000003,1,412.81544414791142,3.1415926535897931,5.5999999999999996,25010,164346,25210,164265,25027,164358,25003,164347,24888,164321,25131,164379,25114,164395,25099,164289,25122,164319,25010,164382,25044,164395,25166,164391,25034,164367,24947,164255,25101,164391,24892,164406,24993,164314,25088,164358,25085,164382,25132,164255,25090,164373,25026,164303,25103,164232,25118,164349,24996,164357,25058,164369,24978,164443,25030,164367,25103,164305,25154,164443
13:51:40.639,0.85999999999999999,86.140000000000001,1250,86.140000000000001,30.41281544414791,0,38.962845000000002,38.962845000000002,1.5707963267948966,77.925690000000003,1,412.81544414791142,3.1415926535897931,5.5999999999999996,25082,164365,24993,164450,25134,164356,25044,164311,25157,164011,25250,164464,25169,164491,25221,164270,25264,164321,25112,164218,25070,164418,25161,164344,25008,164428,25031,164329,25029,164365,25164,164506,25194,164367,25288,164281,25124,164337,25085,164316,25048,164468,25073,164337,24994,164305,25071,164344,24908,164222,25150,164448,25040,164376,25108,164215,25019,164316,25141,164495
13:51:42.444,0.87,87.129999999999995,1250,87.129999999999995,30.41281544414791,0,38.962845000000002,38.962845000000002,1.5707963267948966,77.925690000000003,1,412.81544414791142,3.1415926535897931,5.5999999999999996,25063,164392,25119,164336,25077,164213,25043,164320,25046,164242,25115,164315,25095,164396,25025,164291,25083,164427,25089,164343,25150,164300,25179,164419,25070,164339,25286,164489,25211,164345,25139,164297,25144,164364,25162,164225,25142,164462,25044,164455,24945,164376,25065,164293,25067,164284,25030,164340,25252,164209,25071,164418,25088,164305,25056,164326,25042,164389,25003,164384
13:51:44.250,0.88,88.120000000000005,1250,88.120000000000005,30.41281544414791,0,38.962845000000002,38.962845000000002,1.5707963267948966,77.925690000000003,1,412.81544414791142,3.1415926535897931,5.5999999999999996,25045,164415,24962,164262,25205,164548,25166,164453,25122,164453,25188,164416,25205,164305,25280,164436,25214,164474,25254,164423,25214,164454,25139,164539,25251,164382,24985,164481,25166,164394,25082,164335,25149,164280,25039,164399,25028,164430,25233,164500,25203,164375,25187,164507,25174,164344,25194,164411,25133,164248,25267,164392,25164,164205,25032,164330,25064,164214,25169,164260
13:51:46.055,0.89000000000000001,89.109999999999999,1250,89.109999999999999,30.41281544414791,0,38.962845000000002,38.962845000000002,1.5707963267948966,77.925690000000003,1,412.81544414791142,3.1415926535897931,5.5999999999999996,25227,164481,25142,164325,25049,164353,25065,164442,25106,164278,25184,164331,25288,164270,25085,164384,25155,164343,25192,164217,25031,164348,25119,164385,25168,164246,25104,164326,25233,164269,25152,164311,25055,164345,25169,164265,25115,164338,25113,164431,25075,164347,25118,164380,25015,164336,25091,164304,25014,164284,25091,164437,25090,164354,25152,164348,25208,164516,25112,164320
13:51:47.861,0.90000000000000002,90.100000000000009,1250,90.100000000000009,30.41281544414791,0,38.962845000000002,38.962845000000002,1.5707963267948966,77.925690000000003,1,412.81544414791142,3.1415926535897931,5.5999999999999996,25081,164374,25046,164355,25183,164498,25006,164384,25128,164389,25108,164200,25038,164385,25072,164390,25041,164448,24953,164300,25216,164285,25071,164436,24930,164442,25023,164387,25022,164377,25056,164364,24979,164270,25102,164307,24982,164452,25065,164344,25138,164383,25084,164227,25044,164288,24959,164378,25085,164364,24971,164192,25031,164427,25124,164359,25044,164425,25165,164324
13:51:49.668,0.91000000000000003,91.090000000000003,1250,91.090000000000003,30.41281544414791,0,38.962845000000002,38.962845000000002,1.5707963267948966,77.925690000000003,1,412.81544414791142,3.1415926535897931,5.5999999999999996,25146,164255,25070,164454,24948,164327,25045,164287,25167,164293,24993,164222,25014,164303,25034,164488,25089,164370,24943,164294,24964,164212,25117,164253,25082,164196,25000,164421,24964,164322,25159,164498,25213,164350,25168,164341,25247,164421,25038,164405,25135,164296,24981,164427,25085,164276,25161,164400,25049,164256,25003,164294,25164,164360,25085,164463,24895,164588,25034,164338
13:51:55.816,0.92000000000000004,92.079999999999998,1250,92.079999999999998,30.41281544414791,0,38.962845000000002,38.962845000000002,1.5707963267948966,77.925690000000003,1,412.81544414791142,3.1415926535897931,5.5999999999999996,24935,164363,25006,164364,24961,164332,25096,164226,25078,164329,24887,164368,25128,164305,25121,164284,24985,164319,25072,164344,25036,164312,25106,164301,25237,164344,25170,164361,25070,164478,25092,164271,25111,164332,25131,164430,25089,164360,25008,164246,25017,164212,25061,164256,25004,164242,25154,164314,24974,164431,25011,164273,24969,164283,25181,164248,25156,164347,24966,164248
13:51:58.746,0.93000000000000005,93.070000000000007,1250,93.070000000000007,30.41281544414791,0,38.962845000000002,38.962845000000002,1.5707963267948966,77.925690000000003,1,412.81544414791142,3.1415926535897931,5.5999999999999996,25018,164520,25114,164327,25068,164338,25008,164336,25127,164326,25104,164213,25099,164452,25106,164348,25053,164405,25118,164279,25065,164382,25211,164391,25069,164281,25089,164207,25095,164258,25100,164279,25042,164401,25034,164484,25084,164431,25087,164319,25103,164347,25018,164350,25162,164401,24958,164152,25159,164300,25134,164315,25041,164284,25028,164372,25119,164238,25081,164222
13:52:00.553,0.93999999999999995,94.059999999999988,1250,94.059999999999988,30.41281544414791,0,38.962845000000002,38.962845000000002,1.5707963267948966,77.925690000000003,1,412.81544414791142,3.1415926535897931,5.5999999999999996,25020,164305,25174,164303,25019,164281,25112,164338,25033,164394,24993,164073,25177,164445,25207,164470,25173,164368,25064,164364,24983,164330,25018,164551,25194,164435,25156,164464,25151,164354,25163,164305,25162,164330,25049,164298,25016,164255,25128,164305,25165,164351,25042,164491,25223,164518,25014,164310,25036,164359,25062,164408,25043,164429,25038,164358,25062,164276,25127,164301
13:52:02.361,0.94999999999999996,95.049999999999997,1250,95.049999999999997,30.41281544414791,0,38.962845000000002,38.962845000000002,1.5707963267948966,77.925690000000003,1,412.81544414791142,3.1415926535897931,5.5999999999999996,25063,164263,24999,164347,25000,164247,24968,164347,25060,164339,25112,164287,25045,164342,25069,164326,25059,164331,25050,164360,25110,164288,25072,164426,25151,164405,25032,164288,24975,164266,25114,164343,25108,164303,25129,164374,25124,164277,25031,164360,25016,164280,25044,164312,25064,164306,25114,164315,25127,164334,25149,164295,25111,164245,25222,164228,25032,164377,25120,164298
13:52:04.170,0.95999999999999996,96.039999999999992,1250,96.039999999999992,30.41281544414791,0,38.962845000000002,38.962845000000002,1.5707963267948966,77.925690000000003,1,412.81544414791142,3.1415926535897931,5.5999999999999996,25075,164369,25065,164333,24969,164308,25032,164309,25045,164322,25059,164385,25080,164499,25046,164414,25055,164304,24989,164425,25224,164329,25090,164278,25019,164429,24923,164291,25013,164287,25142,164306,25026,164255,24975,164282,24974,164416,25143,164297,25184,164255,25063,164406,24994,164340,25040,164399,25232,164351,25058,164328,25007,164435,25004,164325,25026,164350,25081,164304
13:52:05.978,0.96999999999999997,97.030000000000001,1250,97.030000000000001,30.41281544414791,0,38.962845000000002,38.962845000000002,1.5707963267948966,77.925690000000003,1,412.81544414791142,3.1415926535897931,5.5999999999999996,25195,164407,25049,164206,25180,164296,24998,164309,25088,164325,25140,164328,25018,164322,25097,164282,25058,164336,25157,164253,25050,164235,25079,164250,24996,164370,25023,164331,25152,164421,25095,164343,25026,164402,25081,164287,25044,164398,25012,164335,25132,164384,25159,164374,25003,164287,25017,164308,25009,164348,25165,164243,25126,164430,25068,164322,25069,164380,25140,164354
13:52:07.787,0.97999999999999998,98.019999999999996,1250,98.019999999999996,30.41281544414791,0,38.962845000000002,38.962845000000002,1.5707963267948966,77.925690000000003,1,412.81544414791142,3.1415926535897931,5.5999999999999996,25033,164301,25130,164542,25126,164255,25053,164301,25067,164317,25093,164458,25090,164330,25235,164239,25017,164450,24946,164213,25009,164331,25233,164221,25213,164302,25227,164464,25252,164381,25150,164413,25137,164348,25084,164276,24971,164335,25122,164298,25079,164441,25213,164294,25082,164255,25211,164325,25000,164307,25179,164211,25272,164340,25056,164271,25154,164365,25102,164314
13:52:09.596,0.98999999999999999,99.010000000000005,1250,99.010000000000005,30.41281544414791,0,38.962845000000002,38.962845000000002,1.5707963267948966,77.925690000000003,1,412.81544414791142,3.1415926535897931,5.5999999999999996,25149,164285,25003,164206,25071,164355,25123,164298,24991,164494,25121,164211,24982,164358,25065,164194,25094,164383,25050,164302,25143,164331,25084,164352,25048,164279,25047,164316,24972,164291,25080,164217,25065,164407,25168,164365,25025,164341,25002,164340,25020,164363,25224,164384,25077,164306,25147,164328,25015,164415,25044,164296,25010,164296,25199,164352,25107,164327,25068,164384
